pc11_district_id,pc11_district_name,pc11_state_id,pc11_state_name,count_2011_sub,count_2011_dish,count_2011_sth,count_2011_phc,count_2011_chc,pr_2011_phc,pr_2011_chc,pr_2011_sub,pr_2011_dish,pr_2011_sth
001,Kupwara,1,Jammu & Kashmir,157,1,0,32,6,.34471697,.064634427,1.6912676,.010772405,0
002,Badgam,1,Jammu & Kashmir,139,1,0,56,8,.6965819,.099511698,1.7290158,.012438962,0
003,LehLadakh,1,Jammu & Kashmir,122,1,0,15,3,1.053564,.21071279,8.5689869,.070237599,0
004,Kargil,1,Jammu & Kashmir,118,1,0,16,4,1.0654174,.26635435,7.8574529,.066588588,0
005,Punch,1,Jammu & Kashmir,155,1,0,34,4,.66852766,.078650318,3.0476997,.01966258,0
006,Rajouri,1,Jammu & Kashmir,127,0,0,43,6,.6275689,.087567754,1.8535174,0,0
007,Kathua,1,Jammu & Kashmir,163,1,0,37,5,.56275976,.076048613,2.4791849,.015209722,0
008,Baramula,1,Jammu & Kashmir,196,3,0,68,10,.63247031,.093010344,1.8230027,.027903102,0
009,Bandipore,1,Jammu & Kashmir,35,1,0,10,1,.23903725,.023903726,.83663034,.023903726,0
010,Srinagar,1,Jammu & Kashmir,81,4,0,36,2,.27289867,.015161038,.61402202,.030322077,0
011,Ganderbal,1,Jammu & Kashmir,10,0,0,4,0,.12608413,0,.31521034,0,0
012,Pulwama,1,Jammu & Kashmir,75,1,0,32,2,.53533971,.033458732,1.2547024,.016729366,0
013,Shupiyan,1,Jammu & Kashmir,55,1,0,14,2,.49306494,.070437849,1.9370409,.035218924,0
014,Anantnag,1,Jammu & Kashmir,147,2,0,49,5,.4258996,.043459143,1.2776989,.017383657,0
015,Kulgam,1,Jammu & Kashmir,90,1,0,24,2,.53010207,.044175174,1.9878829,.022087587,0
016,Doda,1,Jammu & Kashmir,96,1,0,30,4,.68614167,.091485552,2.1956532,.022871388,0
017,Ramban,1,Jammu & Kashmir,81,1,0,20,1,.66093594,.033046797,2.6767905,.033046797,0
018,Kishtwar,1,Jammu & Kashmir,101,0,0,18,1,.73154497,.040641386,4.1047802,0,0
019,Udhampur,1,Jammu & Kashmir,123,1,0,37,2,.62507063,.033787601,2.0779374,.0168938,0
020,Reasi,1,Jammu & Kashmir,122,1,0,21,4,.62571514,.11918384,3.635107,.02979596,0
021,Jammu,1,Jammu & Kashmir,180,2,0,50,7,.30640727,.04289702,1.1030662,.012256292,0
022,Samba,1,Jammu & Kashmir,79,1,0,13,3,.38220835,.088201925,2.3226507,.029400643,0
023,Chamba,2,Himachal Pradesh,175,1,5,40,6,.72249407,.10837411,3.1609116,.018062351,.090311758
024,Kangra,2,Himachal Pradesh,440,2,13,80,11,.49670675,.068297178,2.7318871,.012417668,.080714852
025,Lahul & Spiti,2,Himachal Pradesh,35,1,0,15,3,4.4556165,.89112329,10.396439,.29704109,0
026,Kullu,2,Himachal Pradesh,99,1,4,19,3,.4068031,.064232074,2.1196582,.021410691,.085642762
027,Mandi,2,Himachal Pradesh,333,1,9,61,12,.5720517,.11253477,3.1228397,.0093778977,.084401079
028,Hamirpur,2,Himachal Pradesh,159,1,3,27,3,.55665034,.061850034,3.2780519,.020616679,.061850034
029,Una,2,Himachal Pradesh,132,1,3,20,6,.35979632,.10793889,2.3746557,.017989816,.053969447
030,Bilaspur,2,Himachal Pradesh,121,1,1,33,9,.81004512,.2209214,2.9701655,.024546821,.024546821
031,Solan,2,Himachal Pradesh,196,1,6,36,5,.58162564,.080781341,3.1666286,.016156267,.096937612
032,Sirmaur,2,Himachal Pradesh,150,1,4,40,4,.70780158,.070780158,2.6542559,.01769504,.070780158
033,Shimla,2,Himachal Pradesh,240,3,11,89,12,1.0251062,.13821657,2.7643313,.034554143,.12669852
034,Kinnaur,2,Himachal Pradesh,35,1,1,21,4,2.3405797,.44582471,3.9009664,.11145618,.11145618
035,Gurdaspur,3,Punjab,2,2,2,42,16,.17133529,.065270588,.0081588235,.0081588235,.0081588235
036,Kapurthala,3,Punjab,1,1,3,18,8,.20703033,.092013478,.011501685,.011501685,.034505054
037,Jalandhar,3,Punjab,0,2,3,27,9,.11540295,.038467649,0,.0085483668,.01282255
038,Hoshiarpur,3,Punjab,2,2,5,36,13,.21273395,.076820597,.011818553,.011818553,.029546384
039,Shahid Bhagat Singh Nagar,3,Punjab,0,1,1,20,4,.30624375,.061248749,0,.015312187,.015312187
040,Fatehgarh Sahib,3,Punjab,0,1,2,14,5,.21870938,.078110494,0,.015622098,.031244196
041,Ludhiana,3,Punjab,1,1,4,51,10,.13666813,.026797671,.0026797671,.0026797671,.010719068
042,Moga,3,Punjab,0,1,0,24,6,.22598067,.056495167,0,.0094158612,0
043,Firozpur,3,Punjab,0,2,2,42,9,.19407073,.041586585,0,.0092414627,.0092414627
044,Muktsar,3,Punjab,1,1,3,18,5,.18712191,.051978309,.010395662,.010395662,.031186985
045,Faridkot,3,Punjab,0,2,1,12,3,.18219952,.045549881,0,.030366587,.015183293
046,Bathinda,3,Punjab,0,1,3,24,9,.16205639,.060771145,0,.0067523494,.020257048
047,Mansa,3,Punjab,2,1,2,13,4,.15834403,.048721239,.024360619,.01218031,.024360619
048,Patiala,3,Punjab,1,1,4,43,9,.21267217,.044512779,.0049458644,.0049458644,.019783458
049,Amritsar,3,Punjab,1,2,2,44,6,.16563325,.022586351,.0037643919,.0075287838,.0075287838
050,Tarn Taran,3,Punjab,0,2,2,18,10,.1507328,.083740443,0,.016748089,.016748089
051,Rupnagar,3,Punjab,0,2,1,14,3,.1917267,.041084293,0,.027389528,.013694764
052,Sahibzada Ajit Singh Nagar,3,Punjab,0,1,2,20,5,.1885289,.047132224,0,.0094264448,.01885289
053,Sangrur,3,Punjab,1,1,4,31,8,.17560139,.045316488,.0056645609,.0056645609,.022658244
054,Barnala,3,Punjab,0,1,1,11,4,.17318085,.062974848,0,.015743712,.015743712
055,Chandigarh,4,Chandigarh,18,4,1,39,2,.34644598,.017766461,.15989815,.035532922,.0088832304
056,Uttarkashi,5,Uttarakhand,2,0,1,6,0,.17042479,0,.056808263,0,.028404132
057,Chamoli,5,Uttarakhand,0,1,0,7,2,.16759399,.047883995,0,.023941997,0
058,Rudraprayag,5,Uttarakhand,0,0,0,0,0,0,0,0,0,0
059,Tehri Garhwal,5,Uttarakhand,0,6,2,31,7,.46959999,.1060387,0,.090890318,.030296773
060,Dehradun,5,Uttarakhand,0,1,3,26,2,.14367408,.011051852,0,.0055259261,.016577778
061,Garhwal,5,Uttarakhand,0,1,1,23,7,.31376782,.095494561,0,.01364208,.01364208
062,Pithoragarh,5,Uttarakhand,0,2,0,20,4,.38787958,.077575915,0,.038787957,0
063,Bageshwar,5,Uttarakhand,0,1,0,8,2,.28859955,.072149888,0,.036074944,0
064,Almora
,5,Uttarakhand,0,2,1,23,3,.34641197,.045184173,0,.030122781,.015061391
065,Champawat,5,Uttarakhand,0,1,1,4,2,.14443871,.072219357,0,.036109678,.036109678
066,Nainital,5,Uttarakhand,4,2,5,18,9,.17678988,.08839494,.03928664,.01964332,.0491083
067,Udham Singh Nagar,5,Uttarakhand,0,1,1,27,6,.15352444,.034116544,0,.0056860903,.0056860903
068,Hardwar,5,Uttarakhand,0,0,1,24,2,.11903127,.0099192727,0,0,.0049596364
069,Panchkula,6,Haryana,49,1,0,17,4,.28396702,.066815771,.81849319,.016703943,0
070,Ambala,6,Haryana,107,2,2,20,6,.16618612,.049855839,.88909578,.016618613,.016618613
071,Yamunanagar,6,Haryana,122,1,1,25,10,.19304411,.077217646,.94205528,.007721765,.007721765
072,Kurukshetra,6,Haryana,116,1,0,21,8,.20410605,.077754691,1.127443,.0097193364,0
073,Kaithal,6,Haryana,150,1,0,19,5,.16581927,.043636654,1.3090996,.0087273307,0
074,Karnal,6,Haryana,148,1,1,28,5,.17439604,.031142151,.92180765,.0062284302,.0062284302
075,Panipat,6,Haryana,94,1,0,18,4,.14000276,.031111723,.73112547,.0077779307,0
076,Sonipat,6,Haryana,164,2,1,37,7,.23924452,.045262478,1.0604352,.012932137,.0064660683
077,Jind,6,Haryana,175,1,1,26,8,.18271603,.056220315,1.2298194,.0070275394,.0070275394
078,Fatehabad,6,Haryana,109,1,1,13,3,.12938859,.029858906,1.0848736,.0099529689,.0099529689
079,Sirsa,6,Haryana,146,1,1,19,7,.13754001,.050672635,1.0568863,.0072389478,.0072389478
080,Hisar,6,Haryana,245,2,2,36,11,.19354492,.059138726,1.3171808,.010752496,.010752496
081,Bhiwani,6,Haryana,262,1,4,45,13,.25813735,.07457301,1.5029329,.005736385,.02294554
082,Rohtak,6,Haryana,29,0,0,4,2,.035340257,.017670128,.25621688,0,0
083,Jhajjar,6,Haryana,179,3,2,41,7,.40109143,.068479024,1.7511065,.029348154,.019565435
084,Mahendragarh,6,Haryana,148,1,1,19,10,.1931923,.10168016,1.5048664,.010168016,.010168016
085,Rewari,6,Haryana,112,1,2,16,3,.16661952,.03124116,1.1663367,.01041372,.020827441
086,Gurgaon,6,Haryana,80,3,2,43,3,.26621181,.018572915,.49527776,.018572915,.012381944
087,Mewat,6,Haryana,87,2,0,19,3,.16354206,.025822431,.74885052,.017214954,0
088,Faridabad,6,Haryana,89,2,3,27,4,.13988072,.020723069,.4610883,.010361535,.015542302
089,Palwal,6,Haryana,92,1,0,17,5,.15286034,.044958923,.82724422,.0089917844,0
090,North West,7,NCT of Delhi,34,7,1,98,3,.25128379,.0076923608,.087180093,.017948842,.0025641203
091,North,7,NCT of Delhi,10,1,0,38,2,.40122685,.021117203,.10558601,.010558601,0
092,North East,7,NCT of Delhi,26,5,0,49,4,.20494717,.016730381,.10874748,.020912977,0
093,East,7,NCT of Delhi,20,2,1,43,4,.23585607,.021940099,.1097005,.01097005,.0054850248
094,New Delhi,7,NCT of Delhi,0,5,1,27,0,1.7826734,0,0,.33012471,.066024937
095,Central,7,NCT of Delhi,2,3,2,26,0,.41862026,0,.032201558,.048302338,.032201558
096,West,7,NCT of Delhi,26,7,0,74,4,.27280506,.01474622,.09585043,.025805885,0
097,South West,7,NCT of Delhi,27,5,2,86,2,.35165027,.0081779128,.11040182,.020444782,.0081779128
098,South,7,NCT of Delhi,23,4,1,75,5,.25739521,.01715968,.078934528,.013727744,.003431936
099,Ganganagar,8,Rajasthan,0,1,0,64,17,.30472341,.080942154,0,.0047613033,0
100,Hanumangarh,8,Rajasthan,4,1,0,60,15,.31698364,.07924591,.021132244,.0052830609,0
101,Bikaner,8,Rajasthan,0,1,1,69,13,.27366662,.051560376,0,.0039661829,.0039661829
102,Churu,8,Rajasthan,0,1,2,99,16,.45510343,.073552065,0,.004597004,.0091940081
103,Jhunjhunun,8,Rajasthan,1,1,1,112,26,.49137488,.11406917,.0043872758,.0043872758,.0043872758
104,Alwar,8,Rajasthan,0,1,1,131,36,.33428708,.091865152,0,.0025518097,.0025518097
105,Bharatpur,8,Rajasthan,1,1,0,69,15,.25385138,.055185083,.0036790057,.0036790057,0
106,Dhaulpur,8,Rajasthan,0,1,1,32,6,.24867122,.046625853,0,.0077709756,.0077709756
107,Karauli,8,Rajasthan,0,1,1,39,9,.25075051,.0578655,0,.0064294999,.0064294999
108,Sawai Madhopur,8,Rajasthan,0,1,1,44,10,.30888784,.070201784,0,.0070201783,.0070201783
109,Dausa,8,Rajasthan,0,1,0,50,17,.28682557,.097520694,0,.0057365112,0
110,Jaipur,8,Rajasthan,2,3,10,175,31,.24761875,.043863893,.0028299286,.0042448929,.014149643
111,Sikar,8,Rajasthan,0,1,2,104,29,.36419967,.10155568,0,.0035019198,.0070038396
112,Nagaur,8,Rajasthan,0,1,3,130,29,.36848533,.082200572,0,.0028345024,.0085035078
113,Jodhpur,8,Rajasthan,2,2,13,110,24,.27971047,.061027739,.0050856448,.0050856448,.033056691
114,Jaisalmer,8,Rajasthan,0,0,0,26,8,.36388123,.11196345,0,0,0
115,Barmer,8,Rajasthan,0,1,1,103,22,.37089106,.079219453,0,.0036008842,.0036008842
116,Jalor,8,Rajasthan,3,1,0,69,10,.3537595,.05126949,.015380847,.0051269489,0
117,Sirohi,8,Rajasthan,1,1,0,31,10,.28045651,.090469837,.0090469839,.0090469839,0
118,Pali,8,Rajasthan,2,1,1,92,22,.42333409,.10123207,.0092029152,.0046014576,.0046014576
119,Ajmer,8,Rajasthan,1,2,5,90,21,.32667655,.076224528,.0036297394,.0072594788,.018148696
120,Tonk,8,Rajasthan,0,1,0,67,8,.44196686,.052772164,0,.0065965205,0
121,Bundi,8,Rajasthan,0,1,0,36,10,.30383217,.08439783,0,.008439783,0
122,Bhilwara,8,Rajasthan,0,1,1,87,25,.33867025,.097319037,0,.0038927614,.0038927614
123,Rajsamand,8,Rajasthan,0,1,1,39,11,.31614849,.089170091,0,.0081063714,.0081063714
124,Dungarpur,8,Rajasthan,0,1,1,53,14,.35786754,.094531052,0,.0067522177,.0067522177
125,Banswara,8,Rajasthan,0,1,0,59,22,.30774808,.11475352,0,.0052160691,0
126,Chittaurgarh,8,Rajasthan,0,1,1,48,22,.29141206,.13356385,0,.0060710842,.0060710842
127,Kota,8,Rajasthan,1,1,6,57,13,.27391958,.062472887,.0048056068,.0048056068,.028833639
128,Baran,8,Rajasthan,0,1,0,50,13,.38338858,.099681027,0,.0076677715,0
129,Jhalawar,8,Rajasthan,0,0,1,47,15,.31227681,.099662818,0,0,.0066441875
130,Udaipur,8,Rajasthan,4,1,5,112,27,.34222507,.082500689,.012222324,.0030555811,.015277905
131,Pratapgarh,8,Rajasthan,0,1,0,29,6,.31330183,.064821064,0,.010803511,0
132,Saharanpur,9,Uttar Pradesh,2,3,1,62,12,.16769645,.032457378,.005409563,.0081143444,.0027047815
133,Muzaffarnagar,9,Uttar Pradesh,0,2,0,83,10,.18780972,.022627678,0,.0045255353,0
134,Bijnor,9,Uttar Pradesh,1,4,1,70,7,.17821275,.017821275,.0025458965,.010183586,.0025458965
135,Moradabad,9,Uttar Pradesh,0,2,0,55,9,.10806133,.017682763,0,.0039295028,0
136,Rampur,9,Uttar Pradesh,2,2,0,38,5,.15252919,.020069631,.0080278525,.0080278525,0
137,Jyotiba Phule Nagar,9,Uttar Pradesh,0,1,0,32,7,.16303791,.035664544,0,.0050949347,0
138,Meerut,9,Uttar Pradesh,0,3,0,56,12,.15246589,.032671265,0,.0081678163,0
139,Baghpat,9,Uttar Pradesh,0,1,0,24,7,.17268692,.050367016,0,.0071952883,0
140,Ghaziabad,9,Uttar Pradesh,1,3,0,65,8,.13017377,.016021388,.0020026735,.0060080201,0
141,Gautam Buddha Nagar,9,Uttar Pradesh,1,2,0,43,5,.24461864,.028444028,.0056888056,.011377611,0
142,Bulandshahr,9,Uttar Pradesh,1,2,0,60,10,.16076618,.026794363,.0026794362,.0053588725,0
143,Aligarh,9,Uttar Pradesh,1,4,0,54,12,.13780861,.030624133,.0025520111,.010208044,0
144,Mahamaya Nagar,9,Uttar Pradesh,0,2,0,21,8,.12583302,.047936387,0,.011984097,0
145,Mathura,9,Uttar Pradesh,1,2,0,38,7,.13987236,.025765959,.0036808513,.0073617026,0
146,Agra,9,Uttar Pradesh,1,3,0,77,16,.16337864,.033948809,.0021218006,.0063654012,0
147,Firozabad,9,Uttar Pradesh,0,2,0,18,3,.067555629,.011259272,0,.007506181,0
148,Mainpuri,9,Uttar Pradesh,0,2,0,46,5,.23081635,.025088735,0,.010035493,0
149,Budaun,9,Uttar Pradesh,0,2,0,63,12,.16042706,.030557536,0,.0050929226,0
150,Bareilly,9,Uttar Pradesh,1,2,0,70,6,.14753899,.012646199,.0021076999,.0042153997,0
151,Pilibhit,9,Uttar Pradesh,0,2,0,33,6,.15233901,.027698001,0,.0092326673,0
152,Shahjahanpur,9,Uttar Pradesh,0,2,0,45,14,.14033125,.043658614,0,.0062369448,0
153,Kheri,9,Uttar Pradesh,0,2,0,58,14,.13523102,.03264197,0,.0046631382,0
154,Sitapur,9,Uttar Pradesh,1,2,0,66,18,.13800274,.037637107,.0020909505,.004181901,0
155,Hardoi,9,Uttar Pradesh,1,2,0,64,7,.1466099,.016035458,.0022907797,.0045815594,0
156,Unnao,9,Uttar Pradesh,1,2,0,52,7,.15684824,.021114187,.0030163124,.0060326247,0
157,Lucknow,9,Uttar Pradesh,2,11,0,88,9,.17976035,.018384581,.0040854625,.022470044,0
158,Rae Bareli,9,Uttar Pradesh,1,2,0,59,21,.16243224,.057814863,.0027530887,.0055061774,0
159,Farrukhabad,9,Uttar Pradesh,0,3,0,30,6,.14920092,.029840183,0,.014920091,0
160,Kannauj,9,Uttar Pradesh,0,2,0,19,7,.10753265,.039617293,0,.011319226,0
161,Etawah,9,Uttar Pradesh,1,3,0,33,8,.19559972,.047418114,.0059272642,.017781792,0
162,Auraiya,9,Uttar Pradesh,0,2,0,23,7,.15631497,.047574118,0,.013592605,0
163,Kanpur Dehat,9,Uttar Pradesh,1,1,0,31,6,.16181526,.031319082,.005219847,.005219847,0
164,Kanpur Nagar,9,Uttar Pradesh,0,4,0,72,10,.14735179,.020465525,0,.0081862099,0
165,Jalaun,9,Uttar Pradesh,0,3,0,41,7,.22746387,.038835295,0,.016643699,0
166,Jhansi,9,Uttar Pradesh,0,3,0,53,8,.24863252,.037529439,0,.014073539,0
167,Lalitpur,9,Uttar Pradesh,0,3,0,28,4,.214902,.030700285,0,.023025215,0
168,Hamirpur,9,Uttar Pradesh,0,2,0,42,4,.3565962,.033961546,0,.016980773,0
169,Mahoba,9,Uttar Pradesh,0,2,0,15,4,.16055232,.042813953,0,.021406977,0
170,Banda,9,Uttar Pradesh,0,2,0,54,4,.28136641,.020841954,0,.010420977,0
171,Chitrakoot,9,Uttar Pradesh,1,1,0,27,6,.25525776,.056723945,.0094539905,.0094539905,0
172,Fatehpur,9,Uttar Pradesh,1,2,0,47,6,.16737849,.021367466,.0035612443,.0071224887,0
173,Pratapgarh,9,Uttar Pradesh,1,2,0,7,12,.020451155,.035059124,.0029215936,.0058431872,0
174,Kaushambi,9,Uttar Pradesh,0,1,0,39,5,.22859298,.029306792,0,.0058613587,0
175,Allahabad,9,Uttar Pradesh,1,7,1,79,20,.12439369,.031492073,.0015746036,.011022226,.0015746036
176,Bara Banki,9,Uttar Pradesh,0,2,0,43,16,.12364209,.046006359,0,.0057507949,0
177,Faizabad,9,Uttar Pradesh,0,3,0,43,4,.16315675,.015177371,0,.011383029,0
178,Ambedkar Nagar,9,Uttar Pradesh,0,2,0,27,10,.10557071,.039100263,0,.007820053,0
179,Sultanpur,9,Uttar Pradesh,1,2,0,67,22,.16543578,.054322194,.0024691906,.0049383813,0
180,Bahraich,9,Uttar Pradesh,0,0,0,26,2,.069893852,.0053764498,0,0,0
181,Shrawasti,9,Uttar Pradesh,0,1,0,19,5,.15942951,.041955136,0,.0083910273,0
182,Balrampur,9,Uttar Pradesh,0,3,0,24,9,.10472519,.039271947,0,.013090649,0
183,Gonda,9,Uttar Pradesh,1,2,0,55,16,.15016933,.043685623,.0027303514,.0054607028,0
184,Siddharthnagar,9,Uttar Pradesh,0,1,0,8,7,.02930744,.02564401,0,.00366343,0
185,Basti,9,Uttar Pradesh,0,4,0,38,9,.14456718,.034239594,0,.015217598,0
186,Sant Kabir Nagar,9,Uttar Pradesh,1,1,0,20,3,.10932718,.016399076,.0054663592,.0054663592,0
187,Mahrajganj,9,Uttar Pradesh,0,1,0,39,13,.13619995,.045399986,0,.0034923067,0
188,Gorakhpur,9,Uttar Pradesh,2,2,0,90,9,.19001181,.019001182,.0042224848,.0042224848,0
189,Kushinagar,9,Uttar Pradesh,3,1,0,33,4,.086799771,.010521184,.0078908876,.0026302959,0
190,Deoria,9,Uttar Pradesh,3,2,0,60,10,.18141185,.030235307,.009070592,.0060470616,0
191,Azamgarh,9,Uttar Pradesh,1,3,0,78,19,.15850164,.038609374,.0020320725,.0060962173,0
192,Mau,9,Uttar Pradesh,4,2,0,41,7,.17425822,.029751403,.017000802,.0085004009,0
193,Ballia,9,Uttar Pradesh,0,2,0,77,9,.22283562,.026045721,0,.0057879379,0
194,Jaunpur,9,Uttar Pradesh,4,2,0,13,9,.027120594,.018775795,.0083447974,.0041723987,0
195,Ghazipur,9,Uttar Pradesh,1,2,0,14,6,.036257338,.015538859,.0025898099,.0051796199,0
196,Chandauli,9,Uttar Pradesh,2,3,0,29,4,.13923827,.019205278,.0096026389,.014403959,0
197,Varanasi,9,Uttar Pradesh,1,4,0,50,5,.12749811,.012749811,.0025499621,.010199849,0
198,Sant Ravidas Nagar Bhadohi,9,Uttar Pradesh,0,2,0,16,5,.095052376,.029703867,0,.011881547,0
199,Mirzapur,9,Uttar Pradesh,3,2,0,41,13,.1539498,.04881335,.011264619,.0075097466,0
200,Sonbhadra,9,Uttar Pradesh,3,0,0,24,5,.12081192,.025169151,.015101491,0,0
201,Etah,9,Uttar Pradesh,0,2,0,35,3,.18492922,.015851077,0,.010567384,0
202,Kanshiram Nagar,9,Uttar Pradesh,1,1,0,22,4,.14356859,.026103379,.0065258448,.0065258448,0
203,Pashchim Champaran,10,Bihar,199,1,1,40,0,.095305771,0,.47414622,.0023826445,.0023826445
204,Purba Champaran,10,Bihar,397,1,0,99,3,.18202339,.0055158604,.72993219,.0018386201,0
205,Sheohar,10,Bihar,9,0,0,6,0,.085722178,0,.12858327,0,0
206,Sitamarhi,10,Bihar,123,1,0,39,0,.10680547,0,.33684802,.0027386018,0
207,Madhubani,10,Bihar,353,1,1,78,1,.16297103,.0020893724,.73754841,.0020893724,.0020893724
208,Supaul,10,Bihar,167,1,0,31,2,.13039035,.0084122801,.70242536,.0042061401,0
209,Araria,10,Bihar,170,1,1,34,2,.1133806,.0066694473,.566903,.0033347236,.0033347236
210,Kishanganj,10,Bihar,138,1,0,15,1,.083197519,.0055465014,.76541716,.0055465014,0
211,Purnia,10,Bihar,183,1,1,49,2,.1407253,.0057438896,.52556592,.0028719448,.0028719448
212,Katihar,10,Bihar,277,1,2,53,1,.16180821,.0030529851,.8456769,.0030529851,.0061059701
213,Madhepura,10,Bihar,265,1,0,34,0,.1592484,0,1.2412008,.0046837768,0
214,Saharsa,10,Bihar,158,1,0,39,0,.19238383,0,.77940112,.0049329186,0
215,Darbhanga,10,Bihar,230,1,2,68,2,.16192341,.004762453,.54768211,.0023812265,.004762453
216,Muzaffarpur,10,Bihar,233,2,0,62,1,.12107737,.0019528609,.45501658,.0039057217,0
217,Gopalganj,10,Bihar,174,1,1,33,3,.12076508,.010978644,.63676131,.0036595478,.0036595478
218,Siwan,10,Bihar,366,1,1,63,3,.17735539,.0084454948,1.0303503,.0028151649,.0028151649
219,Saran,10,Bihar,290,1,1,48,3,.11388016,.0071175103,.68802601,.0023725035,.0023725035
220,Vaishali,10,Bihar,183,1,1,52,2,.13949613,.0053652357,.49091908,.0026826179,.0026826179
221,Samastipur,10,Bihar,347,1,3,68,1,.14960575,.0022000845,.76342934,.0022000845,.0066002533
222,Begusarai,10,Bihar,246,1,0,39,2,.12309422,.006312524,.77644044,.003156262,0
223,Khagaria,10,Bihar,168,1,0,28,1,.15749282,.0056247436,.9449569,.0056247436,0
224,Bhagalpur,10,Bihar,297,2,1,71,3,.21913545,.0092592444,.9166652,.0061728293,.0030864147
225,Banka,10,Bihar,245,1,0,43,3,.19813593,.013823438,1.128914,.0046078125,0
226,Munger,10,Bihar,159,1,1,35,0,.23991928,0,1.089919,.0068548364,.0068548364
227,Lakhisarai,10,Bihar,118,1,0,26,1,.24354883,.0093672629,1.105337,.0093672629,0
228,Sheikhpura,10,Bihar,63,1,0,17,1,.25047648,.014733911,.92823637,.014733911,0
229,Nalanda,10,Bihar,393,1,2,80,4,.26065147,.013032573,1.2804503,.0032581433,.0065162866
230,Patna,10,Bihar,357,0,3,73,5,.11722838,.0080293408,.57329494,0,.0048176046
231,Bhojpur,10,Bihar,309,1,1,44,3,.15120012,.010309098,1.0618372,.0034363661,.0034363661
232,Buxar,10,Bihar,134,1,1,37,0,.20330203,0,.736283,.0054946491,.0054946491
233,Kaimur Bhabua,10,Bihar,67,1,1,24,2,.1383556,.011529634,.38624272,.0057648169,.0057648169
234,Rohtas,10,Bihar,257,1,2,47,2,.14887671,.0063351793,.81407058,.0031675897,.0063351793
235,Aurangabad,10,Bihar,244,1,1,70,3,.25838092,.011073468,.9006421,.0036911562,.0036911562
236,Gaya,10,Bihar,438,1,1,87,0,.18574755,0,.93514282,.0021350293,.0021350293
237,Nawada,10,Bihar,129,1,1,48,1,.20279813,.0042249612,.54501998,.0042249612,.0042249612
238,Jamui,10,Bihar,212,1,0,37,3,.19705966,.015977809,1.1290985,.0053259367,0
239,Jehanabad,10,Bihar,62,1,0,25,1,.20829327,.008331731,.51656735,.008331731,0
240,Arwal,10,Bihar,70,1,0,36,0,.48160431,0,.93645281,.013377897,0
241,North  District,11,Sikkim,0,1,0,10,0,2.1450515,0,0,.21450515,0
242,West District,11,Sikkim,0,0,0,1,1,.068719946,.068719946,0,0,0
243,South District,11,Sikkim,0,3,0,7,0,.44692302,0,0,.19153842,0
244,East District,11,Sikkim,0,0,1,6,1,.19837168,.033061948,0,0,.033061948
245,Tawang,12,Arunanchal Pradesh,0,0,0,0,0,0,0,0,0,0
246,West Kameng,12,Arunanchal Pradesh,20,1,0,7,5,.7818104,.55843604,2.2337441,.1116872,0
247,East Kameng,12,Arunanchal Pradesh,25,2,0,10,4,1.1914862,.47659451,2.9787157,.23829725,0
248,Papum Pare,12,Arunanchal Pradesh,41,2,0,12,5,.63718504,.26549375,2.1770489,.10619751,0
249,Upper Subansiri,12,Arunanchal Pradesh,22,0,0,8,6,.89884061,.67413044,2.4718115,0,0
250,West Siang,12,Arunanchal Pradesh,19,1,0,11,6,.91859078,.50104952,1.5866568,.083508253,0
251,East Siang,12,Arunanchal Pradesh,30,3,0,8,6,.75600666,.56700498,2.8350251,.28350249,0
252,Upper Siang,12,Arunanchal Pradesh,6,0,0,1,1,.26545316,.26545316,1.592719,0,0
253,Changlang,12,Arunanchal Pradesh,10,0,0,3,5,.18976036,.31626725,.6325345,0,0
254,Tirap,12,Arunanchal Pradesh,14,1,0,4,4,.33492497,.33492497,1.1722374,.083731242,0
255,Lower Subansiri,12,Arunanchal Pradesh,3,0,0,2,0,.2258414,0,.3387621,0,0
256,Kurung Kumey,12,Arunanchal Pradesh,2,0,0,1,0,.10182681,0,.20365362,0,0
257,Dibang Valley,12,Arunanchal Pradesh,4,1,0,0,0,0,0,4.6855602,1.1713901,0
258,Lower Dibang Valley,12,Arunanchal Pradesh,3,0,0,2,0,.3467384,0,.52010757,0,0
259,Lohit,12,Arunanchal Pradesh,7,1,0,5,3,.32169297,.19301578,.45037016,.064338595,0
260,Anjaw,12,Arunanchal Pradesh,10,0,0,5,4,2.2147224,1.7717779,4.4294448,0,0
261,Mon,13,Nagaland,0,2,0,13,2,.48703536,.074928522,0,.074928522,0
262,Mokokchung,13,Nagaland,0,1,0,13,2,.62626773,.096348882,0,.048174441,0
263,Zunheboto,13,Nagaland,0,0,0,10,1,.66609877,.066609874,0,0,0
264,Wokha,13,Nagaland,0,0,0,13,1,.73273581,.056364294,0,0,0
265,Dimapur,13,Nagaland,0,0,0,2,1,.049501233,.024750616,0,0,0
266,Phek,13,Nagaland,0,1,0,25,3,1.4343288,.17211947,0,.057373155,0
267,Tuensang,13,Nagaland,0,1,0,12,2,.57228869,.095381454,0,.047690727,0
268,Longleng,13,Nagaland,0,0,0,3,1,.55715507,.18571836,0,0,0
269,Kiphire,13,Nagaland,0,2,0,5,1,.63346618,.12669323,0,.25338647,0
270,Kohima,13,Nagaland,0,1,0,11,4,.38484508,.13994366,0,.034985915,0
271,Peren,13,Nagaland,0,1,0,6,1,.59079421,.098465703,0,.098465703,0
272,Senapati,14,Manipur,0,1,0,13,2,.2543796,.039135322,0,.019567661,0
273,Tamenglong,14,Manipur,0,1,0,7,1,.4666205,.066660069,0,.066660069,0
274,Churachandpur,14,Manipur,0,1,0,9,1,.30780378,.034200422,0,.034200422,0
275,Bishnupur,14,Manipur,0,1,0,8,1,.31595096,.03949387,0,.03949387,0
276,Thoubal,14,Manipur,0,1,0,10,3,.22208707,.066626124,0,.022208707,0
277,Imphal West,14,Manipur,0,0,0,2,1,.036200583,.018100291,0,0,0
278,Imphal East,14,Manipur,0,2,0,23,5,.47278532,.10277942,0,.041111767,0
279,Ukhrul,14,Manipur,0,1,0,10,1,.50956017,.050956018,0,.050956018,0
280,Chandel,14,Manipur,0,1,1,7,2,.45519301,.13005514,0,.065027572,.065027572
281,Mamit,15,Mizoram,0,1,0,9,0,.97705358,0,0,.10856151,0
282,Kolasib,15,Mizoram,0,1,0,5,1,.55838281,.11167656,0,.11167656,0
283,Aizawl,15,Mizoram,0,1,2,15,2,.35132134,.046842843,0,.023421422,.046842843
284,Champhai,15,Mizoram,0,1,0,11,2,.82018262,.14912412,0,.074562058,0
285,Serchhip,15,Mizoram,0,1,0,6,1,.86629868,.1443831,0,.1443831,0
286,Lunglei,15,Mizoram,0,1,1,12,2,.69696504,.11616084,0,.05808042,.05808042
287,Lawngtlai,15,Mizoram,0,1,0,0,0,0,0,0,.079527423,0
288,Saiha,15,Mizoram,0,1,0,7,0,1.1600848,0,0,.16572641,0
289,West Tripura,16,Tripura,0,1,0,7,1,.038030453,.0054329219,0,.0054329219,0
290,South Tripura,16,Tripura,0,1,2,12,4,.12843555,.042811852,0,.010702963,.021405926
291,Dhalai,16,Tripura,2,2,5,27,5,.66929317,.12394318,.049577273,.049577273,.12394318
292,North Tripura,16,Tripura,1,1,0,1,0,.013510839,0,.013510839,.013510839,0
293,West Garo Hills,17,Meghalaya,1,2,0,16,7,.23319599,.10202325,.014574749,.029149499,0
294,East Garo Hills,17,Meghalaya,2,1,0,19,2,.56033593,.05898273,.05898273,.029491365,0
295,South Garo Hills,17,Meghalaya,0,1,0,6,1,.39523116,.065871865,0,.065871865,0
296,West Khasi Hills,17,Meghalaya,0,3,0,20,5,.48900962,.1222524,0,.073351443,0
297,Ribhoi,17,Meghalaya,2,1,0,12,3,.43466878,.10866719,.072444797,.036222398,0
298,East Khasi Hills,17,Meghalaya,0,3,0,43,5,.48813283,.056759633,0,.034055781,0
299,Jaintia Hills,17,Meghalaya,0,1,0,21,5,.49830413,.11864384,0,.023728767,0
300,Kokrajhar,18,Assam,147,1,1,41,2,.4333106,.021137102,1.5535769,.010568551,.010568551
301,Dhubri,18,Assam,218,1,0,28,6,.1346782,.028859613,1.048566,.0048099356,0
302,Goalpara,18,Assam,149,0,0,31,1,.28829089,.0092997067,1.3856562,0,0
303,Barpeta,18,Assam,265,0,0,35,8,.19375823,.044287596,1.4670266,0,0
304,Morigaon,18,Assam,122,1,0,25,2,.24481879,.019585503,1.1947157,.0097927516,0
305,Nagaon,18,Assam,336,0,0,60,9,.19921905,.029882858,1.1156267,0,0
306,Sonitpur,18,Assam,265,1,0,41,2,.19978486,.0097456025,1.2912923,.0048728012,0
307,Lakhimpur,18,Assam,144,1,0,21,2,.18893094,.017993422,1.2955265,.0089967111,0
308,Dhemaji,18,Assam,99,0,0,17,4,.2323,.054658823,1.3528059,0,0
309,Tinsukia,18,Assam,160,1,0,18,8,.1270885,.056483775,1.1296755,.0070604719,0
310,Dibrugarh,18,Assam,232,0,0,28,6,.19793081,.042413745,1.6399982,0,0
311,Sivasagar,18,Assam,204,1,1,38,4,.30952662,.03258175,1.6616693,.0081454376,.0081454376
312,Jorhat,18,Assam,118,0,0,33,3,.28326836,.025751669,1.012899,0,0
313,Golaghat,18,Assam,128,0,1,37,5,.32515576,.04393997,1.1248633,0,.0087879943
314,Karbi Anglong,18,Assam,87,1,0,38,5,.37255648,.049020588,.85295826,.0098041184,0
315,Dima Hasao,18,Assam,45,0,0,10,2,.43791303,.087582603,1.9706086,0,0
316,Cachar,18,Assam,243,2,0,22,2,.1187756,.010797782,1.3119305,.010797782,0
317,Karimganj,18,Assam,205,1,0,18,1,.13735364,.0076307585,1.5643054,.0076307585,0
318,Hailakandi,18,Assam,99,0,0,11,2,.15643029,.028441871,1.4078726,0,0
319,Bongaigaon,18,Assam,70,1,0,23,2,.29188192,.025381036,.8883363,.012690518,0
320,Chirang,18,Assam,72,0,0,24,2,.46668825,.038890686,1.4000647,0,0
321,Kamrup,18,Assam,239,2,0,52,9,.32127076,.055604558,1.4766099,.012356568,0
322,Kamrup Metropolitan,18,Assam,74,3,0,22,3,.16449596,.022431267,.55330461,.022431267,0
323,Nalbari,18,Assam,117,0,0,35,6,.42526776,.072903045,1.4216094,0,0
324,Baksa,18,Assam,148,1,0,36,4,.35526565,.039473958,1.4605365,.0098684896,0
325,Darrang,18,Assam,138,1,0,21,4,.21205376,.040391196,1.3934962,.010097799,0
326,Udalguri,18,Assam,123,1,0,19,3,.21419641,.033820488,1.38664,.011273496,0
327,Darjiling,19,West Bengal,2,3,2,23,12,.11676459,.060920656,.010153443,.015230164,.010153443
328,Jalpaiguri,19,West Bengal,0,2,2,38,14,.091994524,.033892717,0,.0048418171,.0048418171
329,Koch Bihar,19,West Bengal,1,1,4,30,12,.099774949,.039909981,.0033258316,.0033258316,.013303326
330,Uttar Dinajpur,19,West Bengal,5,1,2,18,8,.056121375,.024942834,.015589272,.0031178542,.0062357085
331,Dakshin Dinajpur,19,West Bengal,1,1,1,17,8,.095084995,.044745881,.0055932351,.0055932351,.0055932351
332,Maldah,19,West Bengal,6,1,1,34,15,.079917215,.035257597,.014103038,.0023505064,.0023505064
333,Murshidabad,19,West Bengal,2,0,3,71,27,.093707807,.035635363,.0026396567,0,.0039594849
334,Birbhum,19,West Bengal,4,2,1,58,19,.15526386,.050862297,.010707851,.0053539257,.0026769629
335,Barddhaman,19,West Bengal,2,2,3,95,33,.11541228,.04009058,.0024297321,.0024297321,.0036445982
336,Nadia,19,West Bengal,3,1,6,47,14,.085274182,.025400821,.0054430328,.0018143443,.010886066
337,North Twenty Four Parganas,19,West Bengal,1,2,11,52,22,.04870655,.020606618,.00093666441,.0018733288,.010303309
338,Hugli,19,West Bengal,2,1,3,62,18,.10532428,.030578015,.0033975574,.0016987787,.0050963359
339,Bankura,19,West Bengal,0,2,1,69,22,.17986913,.057349578,0,.0052135978,.0026067989
340,Puruliya,19,West Bengal,9,1,1,54,20,.17278963,.063996159,.028798273,.0031998081,.0031998081
341,Haora,19,West Bengal,0,1,8,43,15,.083125204,.028997164,0,.0019331443,.015465154
342,Kolkata,19,West Bengal,2,0,0,1,0,.002085044,0,.0041700881,0,0
343,South Twenty Four Parganas,19,West Bengal,0,2,7,58,28,.066625744,.032164153,0,.0022974394,.0080410382
344,Paschim Medinipur,19,West Bengal,1,2,2,84,30,.13318227,.047565099,.0015855033,.0031710067,.0031710067
345,Purba Medinipur,19,West Bengal,1,1,4,51,24,.093833953,.044157155,.0018398814,.0018398814,.0073595257
346,Garhwa,20,Jharkhand,130,1,1,9,7,.063791402,.049615536,.92143142,.0070879338,.0070879338
347,Chatra,20,Jharkhand,109,1,0,10,8,.089902498,.071921997,.97993726,.0089902496,0
348,Kodarma,20,Jharkhand,67,1,0,7,4,.091629758,.052359864,.87702769,.013089966,0
349,Giridih,20,Jharkhand,197,1,0,18,13,.069010958,.049841247,.75528657,.0038339421,0
350,Deoghar,20,Jharkhand,188,1,1,6,7,.037702467,.043986212,1.181344,.0062837447,.0062837447
351,Godda,20,Jharkhand,215,1,0,11,8,.078515314,.057102043,1.5346174,.0071377554,0
352,Sahibganj,20,Jharkhand,87,1,1,11,6,.089637421,.048893142,.70895052,.0081488565,.0081488565
353,Pakur,20,Jharkhand,118,1,0,10,5,.10412679,.052063394,1.2286961,.010412679,0
354,Dhanbad,20,Jharkhand,138,1,1,27,10,.09429986,.034925874,.48197708,.0034925875,.0034925875
355,Bokaro,20,Jharkhand,111,1,3,19,8,.086378187,.03636976,.50463045,.0045462199,.01363866
356,Lohardaga,20,Jharkhand,78,1,0,9,6,.18272863,.12181909,1.5836481,.02030318,0
357,Purbi Singhbhum,20,Jharkhand,240,1,1,20,11,.081744872,.044959679,.98093843,.0040872432,.0040872432
358,Palamu,20,Jharkhand,153,1,2,21,7,.10149754,.033832513,.73948205,.0048332158,.0096664317
359,Latehar,20,Jharkhand,73,1,0,3,3,.038690876,.038690876,.94147801,.01289696,0
360,Hazaribagh,20,Jharkhand,124,1,0,17,8,.091893435,.043243967,.67028153,.0054054959,0
361,Ramgarh,20,Jharkhand,51,1,0,7,3,.069125414,.029625177,.50362802,.0098750591,0
362,Dumka,20,Jharkhand,262,1,0,38,12,.26961502,.085141584,1.8589246,.007095132,0
363,Jamtara,20,Jharkhand,134,1,0,15,5,.17778713,.059262376,1.5882317,.011852475,0
364,Ranchi,20,Jharkhand,314,1,2,36,13,.11582007,.041823916,1.0102084,.0032172243,.0064344485
365,Khunti,20,Jharkhand,124,1,0,5,6,.08813753,.10576503,2.1858106,.017627506,0
366,Gumla,20,Jharkhand,272,1,0,5,15,.045726139,.13717842,2.4875019,.0091452273,0
367,Simdega,20,Jharkhand,150,1,0,8,7,.12509874,.1094614,2.3456013,.015637342,0
368,Pashchimi Singhbhum,20,Jharkhand,333,1,1,15,14,.093612149,.087371342,2.0781896,.0062408098,.0062408098
369,Saraikela-Kharsawan,20,Jharkhand,189,1,0,14,8,.12324355,.070424885,1.6637878,.0088031106,0
370,Bargarh,21,Odisha,0,1,1,46,14,.2911633,.088614911,0,.0063296366,.0063296366
371,Jharsuguda,21,Odisha,0,1,0,16,6,.25886384,.097073935,0,.01617899,0
372,Sambalpur,21,Odisha,0,2,2,31,11,.27917612,.099062495,0,.018011363,.018011363
373,Debagarh,21,Odisha,0,1,0,7,4,.2100046,.12000263,0,.030000657,0
374,Sundargarh,21,Odisha,1,2,2,60,20,.26871997,.089573331,.0044786665,.0089573329,.0089573329
375,Kendujhar,21,Odisha,0,1,2,66,17,.34344888,.088464104,0,.0052037709,.010407542
376,Mayurbhanj,21,Odisha,2,1,3,86,28,.32000124,.10418645,.0074418895,.0037209447,.011162834
377,Baleshwar,21,Odisha,0,1,1,69,17,.27878582,.068686359,0,.0040403744,.0040403744
378,Bhadrak,21,Odisha,0,1,0,52,7,.32366058,.043569691,0,.006224242,0
379,Kendrapara,21,Odisha,1,1,0,45,9,.2929205,.058584101,.0065093446,.0065093446,0
380,Jagatsinghapur,21,Odisha,0,1,0,36,9,.29686683,.074216709,0,.0082463017,0
381,Cuttack,21,Odisha,1,2,2,70,18,.25007197,.064304225,.003572457,.007144914,.007144914
382,Jajapur,21,Odisha,1,1,0,60,12,.3078759,.061575178,.0051312647,.0051312647,0
383,Dhenkanal,21,Odisha,0,1,2,37,10,.29082966,.078602612,0,.007860261,.015720522
384,Anugul,21,Odisha,2,1,3,31,9,.22817177,.066243418,.014720758,.0073603792,.022081139
385,Nayagarh,21,Odisha,0,1,0,37,12,.3603124,.11685807,0,.0097381724,0
386,Khordha,21,Odisha,1,2,0,63,13,.26232749,.054131068,.0041639283,.0083278567,0
387,Puri,21,Odisha,1,1,0,50,16,.27596515,.088308848,.005519303,.005519303,0
388,Ganjam,21,Odisha,4,2,2,90,30,.23910885,.079702944,.010627059,.0053135296,.0053135296
389,Gajapati,21,Odisha,1,1,0,23,8,.37320384,.12981004,.016226254,.016226254,0
390,Kandhamal,21,Odisha,0,1,1,40,14,.51156336,.17904718,0,.012789085,.012789085
391,Baudh,21,Odisha,0,1,0,12,5,.25503027,.10626262,0,.021252522,0
392,Subarnapur,21,Odisha,0,1,1,20,5,.30731127,.076827817,0,.015365563,.015365563
393,Balangir,21,Odisha,0,1,2,44,15,.25017357,.085286438,0,.0056857625,.011371525
394,Nuapada,21,Odisha,0,1,0,17,6,.26112941,.092163324,0,.015360554,0
395,Kalahandi,21,Odisha,0,1,1,45,16,.26756266,.095133394,0,.0059458371,.0059458371
396,Rayagada,21,Odisha,0,1,1,38,11,.36809233,.10655304,0,.0096866405,.0096866405
397,Nabarangapur,21,Odisha,0,1,0,38,11,.29180703,.084470451,0,.0076791323,0
398,Koraput,21,Odisha,5,1,1,50,16,.33979002,.1087328,.033979002,.0067958003,.0067958003
399,Malkangiri,21,Odisha,1,1,0,28,8,.42812458,.12232131,.015290163,.015290163,0
400,Koriya,22,Chhattisgarh,157,1,0,30,5,.42687348,.071145579,2.2339711,.014229115,0
401,Surguja,22,Chhattisgarh,607,3,0,92,19,.36551514,.075486824,2.4116054,.011918972,0
402,Jashpur,22,Chhattisgarh,259,1,0,32,8,.35227978,.088069946,2.8512645,.011008743,0
403,Raigarh,22,Chhattisgarh,349,1,2,54,10,.33888817,.062757067,2.1902218,.0062757069,.012551414
404,Korba,22,Chhattisgarh,287,1,0,40,5,.31080708,.038850885,2.2300408,.007770177,0
405,Janjgir - Champa,22,Chhattisgarh,241,1,0,44,10,.25469759,.057885814,1.3950481,.0057885814,0
406,Bilaspur,22,Chhattisgarh,420,3,0,84,10,.29567471,.03519937,1.4783735,.01055981,0
407,Kabeerdham,22,Chhattisgarh,146,1,0,23,6,.26217228,.068392769,1.6642241,.011398795,0
408,Rajnandgaon,22,Chhattisgarh,330,1,1,50,10,.30497706,.060995411,2.0128486,.0060995412,.0060995412
409,Durg,22,Chhattisgarh,541,3,2,80,18,.22431016,.050469786,1.5168974,.008411631,.005607754
410,Raipur,22,Chhattisgarh,645,4,1,79,17,.18226179,.039220892,1.4880868,.0092284456,.0023071114
411,Mahasamund,22,Chhattisgarh,219,1,0,30,5,.2723535,.045392249,1.9881805,.0090784496,0
412,Dhamtari,22,Chhattisgarh,179,1,0,26,5,.30479711,.058614831,2.0984108,.011722966,0
413,Uttar Bastar Kanker,22,Chhattisgarh,243,1,1,34,7,.42563751,.087631255,3.0420563,.012518751,.012518751
414,Bastar,22,Chhattisgarh,406,2,1,56,12,.37152949,.079613462,2.6935887,.01326891,.0066344552
415,Narayanpur,22,Chhattisgarh,55,1,0,7,2,.46939379,.13411251,3.6880941,.067056254,0
416,Dakshin Bastar Dantewada,22,Chhattisgarh,136,2,0,25,5,.43923998,.087848,2.3894656,.035139199,0
417,Bijapur,22,Chhattisgarh,64,1,0,9,4,.3306126,.14693893,2.351023,.036734734,0
418,Sheopur,23,Madhya Pradesh,0,1,0,10,3,.13630378,.040891133,0,.013630378,0
419,Morena,23,Madhya Pradesh,0,1,2,19,6,.090611912,.028614288,0,.0047690482,.0095380964
420,Bhind,23,Madhya Pradesh,0,1,1,25,6,.13763621,.033032689,0,.0055054482,.0055054482
421,Gwalior,23,Madhya Pradesh,1,1,3,37,2,.17071785,.009227992,.004613996,.004613996,.013841988
422,Datia,23,Madhya Pradesh,0,0,1,7,2,.083419524,.023834148,0,0,.011917074
423,Shivpuri,23,Madhya Pradesh,0,2,0,14,9,.076047204,.048887491,0,.010863887,0
424,Tikamgarh,23,Madhya Pradesh,0,0,0,20,7,.12975404,.045413911,0,0,0
425,Chhatarpur,23,Madhya Pradesh,1,1,0,38,10,.20215937,.053199835,.0053199832,.0053199832,0
426,Panna,23,Madhya Pradesh,0,1,0,14,7,.12912808,.064564042,0,.0092234341,0
427,Sagar,23,Madhya Pradesh,0,1,3,31,10,.12220102,.039419685,0,.0039419681,.011825905
428,Damoh,23,Madhya Pradesh,0,1,1,15,6,.11124425,.044497699,0,.0074162828,.0074162828
429,Satna,23,Madhya Pradesh,1,1,3,43,7,.18087547,.029444844,.0042064064,.0042064064,.012619219
430,Rewa,23,Madhya Pradesh,4,1,1,30,10,.11892667,.039642222,.015856888,.003964222,.003964222
431,Umaria,23,Madhya Pradesh,1,1,0,14,3,.20358224,.043624766,.014541589,.014541589,0
432,Neemuch,23,Madhya Pradesh,0,1,2,21,4,.2383486,.045399733,0,.011349933,.022699866
433,Mandsaur,23,Madhya Pradesh,0,1,2,44,5,.30776787,.034973621,0,.0069947243,.013989449
434,Ratlam,23,Madhya Pradesh,0,1,2,27,5,.17397577,.032217734,0,.0064435471,.012887094
435,Ujjain,23,Madhya Pradesh,0,1,5,29,5,.136848,.023594482,0,.0047188965,.023594482
436,Shajapur,23,Madhya Pradesh,0,2,1,21,6,.1301609,.037188828,0,.012396276,.006198138
437,Dewas,23,Madhya Pradesh,0,1,0,23,6,.13790463,.035975117,0,.0059958533,0
438,Dhar,23,Madhya Pradesh,0,1,1,45,14,.19302434,.060052015,0,.0042894296,.0042894296
439,Indore,23,Madhya Pradesh,0,2,4,48,4,.13734522,.011445436,0,.0057227178,.011445436
440,Khargone West Nimar,23,Madhya Pradesh,1,1,2,52,10,.2602936,.050056465,.0050056465,.0050056465,.010011293
441,Barwani,23,Madhya Pradesh,0,1,1,33,8,.22325264,.054121852,0,.0067652315,.0067652315
442,Rajgarh,23,Madhya Pradesh,1,1,3,29,5,.17589332,.030326435,.0060652867,.0060652867,.01819586
443,Vidisha,23,Madhya Pradesh,0,1,2,24,7,.15424168,.044987157,0,.0064267367,.012853473
444,Bhopal,23,Madhya Pradesh,1,1,5,18,3,.071176782,.011862798,.0039542657,.0039542657,.019771328
445,Sehore,23,Madhya Pradesh,1,1,2,18,8,.12869701,.057198673,.0071498342,.0071498342,.014299668
446,Raisen,23,Madhya Pradesh,2,1,2,21,6,.14786148,.042246141,.014082046,.0070410231,.014082046
447,Betul,23,Madhya Pradesh,0,1,0,36,10,.21425489,.059515245,0,.0059515247,0
448,Harda,23,Madhya Pradesh,0,1,0,7,4,.11504763,.065741502,0,.016435375,0
449,Hoshangabad,23,Madhya Pradesh,0,1,2,20,7,.15105821,.052870374,0,.0075529106,.015105821
450,Katni,23,Madhya Pradesh,0,1,1,19,6,.13787501,.043539476,0,.0072565796,.0072565796
451,Jabalpur,23,Madhya Pradesh,1,1,4,40,6,.15224856,.022837285,.0038062143,.0038062143,.015224857
452,Narsimhapur,23,Madhya Pradesh,0,1,1,20,6,.17174102,.051522307,0,.0085870512,.0085870512
453,Dindori,23,Madhya Pradesh,0,1,0,20,7,.26616001,.093156002,0,.013308001,0
454,Mandla,23,Madhya Pradesh,0,1,1,35,8,.31107372,.07110256,0,.0088878199,.0088878199
455,Chhindwara,23,Madhya Pradesh,0,1,4,68,12,.30491561,.053808637,0,.0044840532,.017936213
456,Seoni,23,Madhya Pradesh,0,1,1,31,6,.21074864,.040790059,0,.0067983433,.0067983433
457,Balaghat,23,Madhya Pradesh,1,1,2,34,8,.18732901,.044077415,.0055096769,.0055096769,.011019354
458,Guna,23,Madhya Pradesh,0,2,1,19,5,.14348577,.037759412,0,.015103765,.0075518824
459,Ashoknagar,23,Madhya Pradesh,0,0,1,10,4,.11094695,.044378784,0,0,.011094696
460,Shahdol,23,Madhya Pradesh,0,1,1,30,7,.26384386,.061563566,0,.0087947957,.0087947957
461,Anuppur,23,Madhya Pradesh,0,1,0,17,7,.21273468,.08759664,0,.012513805,0
462,Sidhi,23,Madhya Pradesh,0,1,0,27,6,.22461343,.049914096,0,.0083190156,0
463,Singrauli,23,Madhya Pradesh,1,1,0,14,6,.11140142,.047743466,.0079572443,.0079572443,0
464,Jhabua,23,Madhya Pradesh,0,1,1,19,6,.17378728,.054880194,0,.0091466988,.0091466988
465,Alirajpur,23,Madhya Pradesh,0,1,0,14,5,.18005687,.064306028,0,.012861205,0
466,Khandwa East Nimar,23,Madhya Pradesh,1,1,0,36,5,.25764373,.035783853,.0071567707,.0071567707,0
467,Burhanpur,23,Madhya Pradesh,0,0,0,15,4,.1855745,.049486537,0,0,0
468,Kachchh,24,Gujarat,437,0,1,61,21,.27333784,.094099917,1.9581743,0,.0044809482
469,Banas Kantha,24,Gujarat,725,1,3,107,32,.3214899,.096146517,2.1783195,.0030045786,.0090137357
470,Patan,24,Gujarat,271,1,1,40,15,.27909708,.1046614,1.8908826,.0069774268,.0069774268
471,Mahesana,24,Gujarat,296,2,2,66,14,.30407062,.064499825,1.3637106,.0092142606,.0092142606
472,Sabar Kantha,24,Gujarat,455,1,2,79,29,.30498725,.11195734,1.7565721,.003860598,.0077211959
473,Gandhinagar,24,Gujarat,166,2,1,35,8,.23578407,.053893503,1.1182902,.013473376,.0067366879
474,Ahmadabad,24,Gujarat,238,3,3,104,12,.13516127,.015595531,.30931136,.0038988828,.0038988828
475,Surendranagar,24,Gujarat,246,1,2,45,13,.24023171,.069400273,1.3132666,.0053384826,.010676965
476,Rajkot,24,Gujarat,470,3,5,94,20,.23164997,.049287226,1.1582499,.007393084,.012321807
477,Jamnagar,24,Gujarat,325,2,1,50,10,.21702057,.043404114,1.4106338,.0086808233,.0043404116
478,Porbandar,24,Gujarat,61,1,0,15,4,.2402209,.064058907,.97689837,.016014727,0
479,Junagadh,24,Gujarat,393,1,1,56,16,.19140701,.054687716,1.343267,.0034179823,.0034179823
480,Amreli,24,Gujarat,287,1,3,50,22,.30959806,.13622314,1.7770928,.006191961,.018575883
481,Bhavnagar,24,Gujarat,351,2,1,66,24,.21483499,.078121811,1.1425315,.0065101511,.0032550755
482,Anand,24,Gujarat,271,1,0,52,12,.23296766,.053761765,1.2141199,.0044801473,0
483,Kheda,24,Gujarat,341,1,1,53,13,.21606198,.052996337,1.3901347,.0040766411,.0040766411
484,Panch Mahals,24,Gujarat,443,2,1,77,14,.30196765,.054903209,1.7372944,.0078433156,.0039216578
485,Dohad,24,Gujarat,598,1,1,85,12,.37466446,.052893803,2.6358745,.004407817,.004407817
486,Vadodara,24,Gujarat,484,4,0,87,20,.19581573,.045015112,1.0893657,.0090030218,0
487,Narmada,24,Gujarat,192,1,0,27,4,.42884645,.063532807,3.0495746,.015883202,0
488,Bharuch,24,Gujarat,237,1,0,45,10,.27202198,.060449328,1.432649,.0060449326,0
489,The Dangs,24,Gujarat,64,1,0,9,3,.36962584,.12320861,2.6284504,.041069537,0
490,Navsari,24,Gujarat,286,1,2,50,10,.35256085,.070512168,2.0166481,.0070512169,.014102434
491,Valsad,24,Gujarat,368,1,2,54,12,.2968283,.065961845,2.02283,.0054968204,.010993641
492,Surat,24,Gujarat,359,2,1,90,13,.13875642,.020042595,.55348396,.0030834761,.001541738
493,Tapi,24,Gujarat,234,1,0,37,6,.42985794,.069706693,2.7185609,.011617782,0
494,Diu,25,Daman & Diu,6,1,0,1,1,.18004774,.18004774,1.0802864,.18004774,0
495,Daman,25,Daman & Diu,20,1,0,4,1,.19617426,.049043566,.98087132,.049043566,0
496,Dadra & Nagar Haveli,26,Dadara & Nagar Havelli,69,1,1,9,1,.24550492,.027278325,1.8822044,.027278325,.027278325
497,Nandurbar,27,Maharashtra,7,1,1,62,11,.35266742,.062570028,.039817289,.0056881844,.0056881844
498,Dhule,27,Maharashtra,0,0,3,43,4,.19658057,.018286565,0,0,.013714924
499,Jalgaon,27,Maharashtra,0,2,4,83,20,.18397333,.044330921,0,.0044330922,.0088661844
500,Buldana,27,Maharashtra,0,2,2,70,15,.2537668,.054378603,0,.0072504804,.0072504804
501,Akola,27,Maharashtra,0,1,0,21,0,.10854582,0,0,.0051688487,0
502,Washim,27,Maharashtra,0,2,2,31,8,.24278291,.062653653,0,.015663413,.015663413
503,Amravati,27,Maharashtra,0,2,4,65,9,.21098804,.02921373,0,.00649194,.01298388
504,Wardha,27,Maharashtra,0,1,3,28,7,.20182027,.050455067,0,.0072078668,.0216236
505,Nagpur,27,Maharashtra,0,4,2,95,10,.19140176,.020147555,0,.008059022,.004029511
506,Bhandara,27,Maharashtra,1,1,2,31,7,.24214092,.05467698,.0078109973,.0078109973,.015621995
507,Gondiya,27,Maharashtra,0,2,1,44,9,.31193441,.063804768,0,.014178838,.0070894188
508,Gadchiroli,27,Maharashtra,2,1,3,43,9,.37575158,.078645676,.017476818,.0087384088,.026215225
509,Chandrapur,27,Maharashtra,0,1,3,70,11,.29773819,.04678743,0,.0042534028,.012760209
510,Yavatmal,27,Maharashtra,0,1,3,70,14,.23673306,.047346611,0,.0033819007,.010145702
511,Nanded,27,Maharashtra,0,2,5,80,11,.22314766,.030682804,0,.0055786916,.013946729
512,Hingoli,27,Maharashtra,1,2,1,16,3,.12741625,.023890547,.0079635158,.015927032,.0079635158
513,Parbhani,27,Maharashtra,0,2,2,40,6,.20425636,.030638454,0,.010212818,.010212818
514,Jalna,27,Maharashtra,0,2,1,42,8,.20100796,.03828723,0,.0095718075,.0047859037
515,Aurangabad,27,Maharashtra,0,1,3,54,12,.1367887,.030397488,0,.0025331238,.007599372
516,Nashik,27,Maharashtra,0,3,6,132,32,.20264752,.049126673,0,.0046056258,.0092112515
517,Thane,27,Maharashtra,4,7,7,221,22,.18734407,.018649636,.0033908428,.0059339749,.0059339749
518,Mumbai Suburban,27,Maharashtra,0,2,0,194,17,.19439068,.017034234,0,.0020040276,0
519,Mumbai,27,Maharashtra,0,8,0,99,4,.30083668,.012155017,0,.024310034,0
520,Raigarh,27,Maharashtra,0,1,4,65,15,.23135199,.05338892,0,.0035592613,.014237045
521,Pune,27,Maharashtra,2,2,13,167,22,.16605067,.021874938,.0019886307,.0019886307,.0129261
522,Ahmadnagar,27,Maharashtra,0,1,3,141,24,.29098442,.049529266,0,.0020637193,.0061911582
523,Bid,27,Maharashtra,0,3,4,54,13,.1958545,.047150157,0,.010880806,.014507741
524,Latur,27,Maharashtra,1,2,2,50,8,.19101584,.030562535,.0038203169,.0076406337,.0076406337
525,Osmanabad,27,Maharashtra,0,2,3,45,7,.25453508,.039594349,0,.011312671,.016969007
526,Solapur,27,Maharashtra,1,1,3,79,13,.17154482,.028228894,.0021714533,.0021714533,.0065143602
527,Satara,27,Maharashtra,0,1,2,40,14,.12485505,.043699268,0,.0031213763,.0062427525
528,Ratnagiri,27,Maharashtra,0,0,2,66,10,.38314348,.058052044,0,0,.011610408
529,Sindhudurg,27,Maharashtra,0,1,4,46,9,.50760496,.099314019,0,.011034891,.044139564
530,Kolhapur,27,Maharashtra,0,0,5,74,18,.17900141,.043540884,0,0,.01209469
531,Sangli,27,Maharashtra,0,2,2,87,16,.28903392,.053155664,0,.006644458,.006644458
532,Adilabad,28,Andhra Pradesh,214,1,6,137,5,.4685784,.017101401,.73193997,.0034202803,.020521682
533,Nizamabad,28,Andhra Pradesh,250,1,3,89,14,.32706276,.051448073,.9187156,.0036748624,.011024588
534,Karimnagar,28,Andhra Pradesh,484,1,3,155,9,.38483751,.022345403,1.2016861,.0024828226,.0074484679
535,Medak,28,Andhra Pradesh,420,2,8,157,17,.48528245,.052546509,1.2982079,.0061819423,.024727769
536,Hyderabad,28,Andhra Pradesh,12,6,3,157,6,.37328961,.014265846,.028531691,.014265846,.0071329228
537,Rangareddy,28,Andhra Pradesh,243,2,9,135,19,.23896463,.033632059,.43013635,.0035402167,.015930975
538,Mahbubnagar,28,Andhra Pradesh,343,1,4,172,14,.39788488,.032385979,.79345644,.0023132842,.0092531368
539,Nalgonda,28,Andhra Pradesh,390,2,16,163,12,.43804529,.032248732,1.0480838,.0053747888,.04299831
540,Warangal,28,Andhra Pradesh,310,1,6,152,6,.40572003,.016015265,.82745534,.0026692108,.016015265
541,Khammam,28,Andhra Pradesh,488,0,8,147,8,.49269256,.026813202,1.6356052,0,.026813202
542,Srikakulam,28,Andhra Pradesh,797,1,2,144,16,.49946693,.055496328,2.7644107,.0034685205,.0069370409
543,Vizianagaram,28,Andhra Pradesh,742,2,2,135,21,.53987968,.083981283,2.9673386,.0079982169,.0079982169
544,Visakhapatnam,28,Andhra Pradesh,856,1,4,178,13,.38896602,.028407631,1.8705333,.0021852024,.0087408097
545,East Godavari,28,Andhra Pradesh,1513,3,3,254,30,.46203294,.05457082,2.7521884,.0054570818,.0054570818
546,West Godavari,28,Andhra Pradesh,1018,2,10,168,15,.40008864,.0357222,2.4243467,.0047629601,.023814799
547,Krishna,28,Andhra Pradesh,1019,4,4,205,19,.42547503,.039434273,2.1149223,.0083019519,.0083019519
548,Guntur,28,Andhra Pradesh,1333,3,1,202,19,.38747653,.036445811,2.5569615,.0057546017,.0019182006
549,Prakasam,28,Andhra Pradesh,922,1,4,173,16,.4774214,.044154581,2.5444078,.0027596613,.011038645
550,Sri Potti Sriramulu Nellore,28,Andhra Pradesh,787,0,3,156,13,.49353725,.041128103,2.4898322,0,.0094911009
551,Y.S.R.,28,Andhra Pradesh,733,5,2,170,25,.55295897,.081317492,2.3842289,.016263498,.0065053995
552,Kurnool,28,Andhra Pradesh,884,2,1,179,21,.41403341,.048573755,2.0447237,.0046260715,.0023130358
553,Anantapur,28,Andhra Pradesh,895,0,3,170,14,.39054868,.032162834,2.056124,0,.0068920352
554,Chittoor,28,Andhra Pradesh,890,4,12,183,19,.41105559,.042677905,1.9991229,.0089848218,.026954465
555,Belgaum,29,Karnataka,598,2,10,149,17,.29227909,.033347279,1.1730397,.0039232094,.019616047
556,Bagalkot,29,Karnataka,234,1,5,51,7,.25303113,.034729764,1.1609664,.0049613947,.024806974
557,Bijapur,29,Karnataka,314,1,4,67,9,.28850874,.038754903,1.3521155,.0043061003,.017224401
558,Bidar,29,Karnataka,274,1,4,56,9,.30825168,.049540449,1.5082315,.0055044945,.022017978
559,Raichur,29,Karnataka,214,1,4,57,6,.27707258,.029165536,1.0402374,.0048609227,.019443691
560,Koppal,29,Karnataka,177,1,3,47,9,.3170419,.060710151,1.1939663,.0067455727,.020236718
561,Gadag,29,Karnataka,189,1,4,42,2,.36989942,.017614258,1.6645474,.0088071292,.035228517
562,Dharwad,29,Karnataka,185,2,3,54,0,.27411327,0,.9390918,.010152344,.015228515
563,Uttara Kannada,29,Karnataka,336,1,9,81,3,.52842796,.019571405,2.1919975,.0065238019,.058714218
564,Haveri,29,Karnataka,310,1,6,69,5,.4049218,.02934216,1.8192139,.0058684316,.035210591
565,Bellary,29,Karnataka,300,1,6,72,11,.27524236,.042050917,1.1468431,.0038228105,.022936862
566,Chitradurga,29,Karnataka,342,1,5,81,11,.4576441,.062149201,1.9322752,.0056499275,.028249636
567,Davanagere,29,Karnataka,324,2,5,105,6,.50601959,.028915405,1.5614319,.0096384687,.02409617
568,Shimoga,29,Karnataka,356,2,5,107,7,.57236314,.03744432,1.9043111,.010698376,.026745941
569,Udupi,29,Karnataka,352,1,2,66,7,.52558494,.055743858,2.8031197,.0079634078,.015926816
570,Chikmagalur,29,Karnataka,369,1,6,91,5,.74976063,.041195638,3.0402381,.0082391277,.049434766
571,Tumkur,29,Karnataka,525,1,9,145,4,.50746626,.013999068,1.8373777,.003499767,.031497903
572,Bangalore,29,Karnataka,279,8,3,191,11,.18612164,.010719047,.27187401,.007795671,.0029233766
573,Mandya,29,Karnataka,411,1,6,119,6,.61786467,.031152841,2.1339695,.0051921401,.031152841
574,Hassan,29,Karnataka,477,1,7,136,15,.71779692,.079168782,2.5175672,.0052779187,.036945432
575,Dakshina Kannada,29,Karnataka,400,2,4,71,3,.3185617,.013460354,1.7947139,.0089735696,.017947139
576,Kodagu,29,Karnataka,193,1,2,29,7,.49033189,.11835597,3.2632434,.016907997,.033815995
577,Mysore,29,Karnataka,510,2,6,148,10,.46236604,.031240949,1.5932884,.0062481901,.018744569
578,Chamarajanagar,29,Karnataka,258,1,3,62,3,.56946033,.027554533,2.3696897,.0091848439,.027554533
579,Gulbarga,29,Karnataka,336,1,6,97,17,.35437942,.062107734,1.2275411,.0036533962,.021920377
580,Yadgir,29,Karnataka,171,1,2,42,6,.33534324,.047906175,1.365326,.0079843625,.015968725
581,Kolar,29,Karnataka,264,1,5,65,2,.39665908,.012204894,1.6110461,.0061024469,.030512236
582,Chikkaballapura,29,Karnataka,205,1,5,59,2,.44073841,.014940285,1.5313792,.0074701426,.037350714
583,Bangalore Rural,29,Karnataka,198,0,4,48,2,.45416108,.018923378,1.8734144,0,.037846755
584,Ramanagara,29,Karnataka,240,1,3,62,4,.5369302,.034640659,2.0784395,.0086601647,.025980493
585,North Goa,30,Goa,138,2,1,18,2,.20631155,.022923507,1.5817219,.022923507,.011461753
586,South Goa,30,Goa,76,1,1,12,2,.17564897,.029274829,1.1124436,.014637414,.014637414
587,Lakshadweep,31,Lakshadweep,0,1,2,4,3,.58168882,.43626663,0,.14542221,.29084441
588,Kasaragod,32,Kerala,0,1,2,41,9,.29403043,.064543262,0,.0071714739,.014342948
589,Kannur,32,Kerala,0,2,7,86,8,.31958711,.029729035,0,.0074322587,.026012905
590,Wayanad,32,Kerala,0,2,2,23,9,.26380995,.10322998,0,.022939995,.022939995
591,Kozhikode,32,Kerala,0,3,7,75,14,.22784144,.042530403,0,.0091136573,.021265201
592,Malappuram,32,Kerala,1,5,5,92,20,.20972306,.045591969,.0022795985,.011397992,.011397992
593,Palakkad,32,Kerala,0,3,6,83,19,.27694312,.063396618,0,.010009993,.020019986
594,Thrissur,32,Kerala,0,3,7,83,24,.24932458,.072093852,0,.0090117315,.021027373
595,Ernakulam,32,Kerala,0,4,10,88,22,.25136301,.062840752,0,.011425591,.028563978
596,Idukki,32,Kerala,48,2,4,40,13,.33817944,.10990832,.40581533,.016908972,.033817943
597,Kottayam,32,Kerala,174,7,3,59,18,.28015104,.085469812,.82620817,.033238258,.014244969
598,Alappuzha,32,Kerala,312,5,6,61,16,.26878801,.070501775,1.3747846,.022031805,.026438165
599,Pathanamthitta,32,Kerala,264,3,4,44,11,.34452257,.086130641,2.0671353,.023490174,.031320233
600,Kollam,32,Kerala,428,2,8,63,17,.22413348,.060480464,1.5226846,.0071153487,.028461395
601,Thiruvananthapuram,32,Kerala,519,8,6,80,22,.22719401,.062478356,1.4739212,.022719402,.01703955
602,Thiruvallur,33,Tamil Nadu,4,1,8,82,13,.20622173,.032693688,.010059597,.0025148992,.020119194
603,Chennai,33,Tamil Nadu,1,0,11,79,0,.15939991,0,.0020177204,0,.022194924
604,Kancheepuram,33,Tamil Nadu,0,1,13,90,14,.21104786,.032829668,0,.0023449762,.030484691
605,Vellore,33,Tamil Nadu,4,1,13,101,20,.2405683,.047637288,.0095274569,.0023818642,.030964237
606,Tiruvannamalai,33,Tamil Nadu,0,1,10,79,18,.30049744,.068467773,0,.0038037652,.038037654
607,Viluppuram,33,Tamil Nadu,0,1,12,87,22,.23582684,.059634373,0,.0027106532,.032527842
608,Salem,33,Tamil Nadu,0,1,12,83,21,.2234863,.056544729,0,.0026926061,.032311276
609,Namakkal,33,Tamil Nadu,0,1,8,47,15,.25521985,.081453145,0,.0054302099,.043441679
610,Erode,33,Tamil Nadu,0,1,7,62,14,.25815544,.058293168,0,.0041637975,.029146584
611,The Nilgiris,33,Tamil Nadu,0,1,5,34,4,.43347836,.050997455,0,.012749364,.063746817
612,Dindigul,33,Tamil Nadu,0,1,12,58,14,.25178397,.060775444,0,.0043411031,.052093238
613,Karur,33,Tamil Nadu,0,1,7,28,8,.24661747,.07046213,0,.0088077663,.061654367
614,Tiruchirappalli,33,Tamil Nadu,1,1,10,72,14,.24797432,.04821723,.0034440877,.0034440877,.034440879
615,Perambalur,33,Tamil Nadu,0,1,3,24,4,.39810717,.066351198,0,.016587799,.049763396
616,Ariyalur,33,Tamil Nadu,0,1,3,32,6,.39744094,.074520178,0,.012420029,.037260089
617,Cuddalore,33,Tamil Nadu,1,1,11,58,13,.20867793,.04677264,.0035978954,.0035978954,.039576847
618,Nagapattinam,33,Tamil Nadu,0,1,11,47,11,.2726115,.063802697,0,.0058002449,.063802697
619,Thiruvarur,33,Tamil Nadu,0,1,8,36,10,.26697394,.074159428,0,.0074159424,.059327539
620,Thanjavur,33,Tamil Nadu,0,1,15,64,14,.24940941,.054558307,0,.003897022,.058455329
621,Pudukkottai,33,Tamil Nadu,0,1,14,57,13,.33022681,.075314887,0,.0057934527,.081108339
622,Sivaganga,33,Tamil Nadu,0,1,17,38,11,.26605955,.07701724,0,.0070015672,.11902665
623,Madurai,33,Tamil Nadu,0,1,8,75,13,.23144409,.040116973,0,.0030859211,.024687368
624,Theni,33,Tamil Nadu,0,1,6,33,8,.248336,.060202669,0,.0075253337,.045152001
625,Virudhunagar,33,Tamil Nadu,0,1,11,51,11,.24618702,.053099159,0,.0048271962,.053099159
626,Ramanathapuram,33,Tamil Nadu,0,1,8,45,10,.31173137,.069273636,0,.0069273636,.055418909
627,Thoothukkudi,33,Tamil Nadu,0,1,9,46,12,.24642496,.064284772,0,.0053570643,.048213579
628,Tirunelveli,33,Tamil Nadu,1,1,17,86,19,.26202738,.057889771,.00304683,.00304683,.051796108
629,Kanniyakumari,33,Tamil Nadu,1,1,9,38,9,.1904863,.045115177,.0050127972,.0050127972,.045115177
630,Dharmapuri,33,Tamil Nadu,0,1,4,44,8,.27377465,.049777213,0,.0062221517,.024888607
631,Krishnagiri,33,Tamil Nadu,0,1,6,51,10,.25436953,.049876377,0,.0049876375,.029925825
632,Coimbatore,33,Tamil Nadu,0,1,13,75,12,.20334768,.032535631,0,.0027113024,.035246931
633,Tiruppur,33,Tamil Nadu,0,1,9,54,13,.20422867,.049166162,0,.0037820123,.034038112
634,Yanam,34,Puducherry,2,1,0,0,0,0,0,.33710155,.16855077,0
635,Puducherry,34,Puducherry,0,1,4,27,2,.26638922,.019732535,0,.0098662674,.03946507
636,Mahe,34,Puducherry,0,1,0,2,1,.44843152,.22421576,0,.22421576,0
637,Karaikal,34,Puducherry,0,1,1,10,1,.46827051,.046827052,0,.046827052,.046827052
638,Nicobars,35,Andaman & Nicobar Island,40,1,0,5,1,1.2724344,.25448686,10.179475,.25448686,0
639,North  & Middle Andaman,35,Andaman & Nicobar Island,41,1,0,7,2,.62151992,.17757712,3.640331,.088788562,0
640,South Andaman,35,Andaman & Nicobar Island,31,1,0,13,1,.51181847,.039370652,1.2204902,.039370652,0
